username1,Vardenis,Pavardenis,email@mail.lt
username2,Vardenis,Pavardenis,email@mail.lt
username3,Vardenis,Pavardenis,email@mail.lt
username4,Vardenis,Pavardenis,email@mail.lt
username5,Vardenis,Pavardenis,email@mail.lt
username6,Vardenis,Pavardenis,email@mail.lt
username7,Vardenis,Pavardenis,email@mail.lt
username8,Vardenis,Pavardenis,email@mail.lt
username9,Vardenis,Pavardenis,email@mail.lt
username10,Vardenis,Pavardenis,email@mail.lt
username11,Vardenis,Pavardenis,email@mail.lt
username12,Vardenis,Pavardenis,email@mail.lt
username13,Vardenis,Pavardenis,email@mail.lt
username14,Vardenis,Pavardenis,email@mail.lt
username15,Vardenis,Pavardenis,email@mail.lt
username16,Vardenis,Pavardenis,email@mail.lt
username17,Vardenis,Pavardenis,email@mail.lt
username18,Vardenis,Pavardenis,email@mail.lt
username19,Vardenis,Pavardenis,email@mail.lt
username20,Vardenis,Pavardenis,email@mail.lt
username21,Vardenis,Pavardenis,email@mail.lt
username22,Vardenis,Pavardenis,email@mail.lt
username23,Vardenis,Pavardenis,email@mail.lt
username24,Vardenis,Pavardenis,email@mail.lt
username25,Vardenis,Pavardenis,email@mail.lt
username26,Vardenis,Pavardenis,email@mail.lt
username27,Vardenis,Pavardenis,email@mail.lt
username28,Vardenis,Pavardenis,email@mail.lt
username29,Vardenis,Pavardenis,email@mail.lt
username30,Vardenis,Pavardenis,email@mail.lt
username31,Vardenis,Pavardenis,email@mail.lt
username32,Vardenis,Pavardenis,email@mail.lt
username33,Vardenis,Pavardenis,email@mail.lt
username34,Vardenis,Pavardenis,email@mail.lt
username35,Vardenis,Pavardenis,email@mail.lt
username36,Vardenis,Pavardenis,email@mail.lt
username37,Vardenis,Pavardenis,email@mail.lt
username38,Vardenis,Pavardenis,email@mail.lt
username39,Vardenis,Pavardenis,email@mail.lt
username40,Vardenis,Pavardenis,email@mail.lt
username41,Vardenis,Pavardenis,email@mail.lt
username42,Vardenis,Pavardenis,email@mail.lt
username43,Vardenis,Pavardenis,email@mail.lt
username44,Vardenis,Pavardenis,email@mail.lt
username45,Vardenis,Pavardenis,email@mail.lt
username46,Vardenis,Pavardenis,email@mail.lt
username47,Vardenis,Pavardenis,email@mail.lt
username48,Vardenis,Pavardenis,email@mail.lt
username49,Vardenis,Pavardenis,email@mail.lt
username50,Vardenis,Pavardenis,email@mail.lt
